{
    "question1" : {
        "id": 1,
        "question": "스트레스를 받을 때, 나는?",
        "answers":[
            {
                "type": "E",
                "answer": "나가서 에너지를 충전한다"
            },
            {
                "type":"I",
                "answer": "집에서 에너지를 충전한다"
            }
        ],
        "rate" : "w-1/12"

    },
    "question2" : {
        "id": 2,
        "question": "멍 때릴 때 당신이 주로 하는 생각은?",
        "answers":[
            {
                "type": "S",
                "answer": "이따 저녁에 뭐 먹지?"
            },
            {
                "type":"N",
                "answer": "과연 인간은 어떤 존재일까...?"
            }
        ],
        "rate" : "w-2/12"
    },
    "question3" : {
        "id": 3,
        "question": "내가 추천해준 밥집이 별로라고 할 때 나는",
        "answers":[
            {
                "type": "T",
                "answer": "어떤 부분이 별로였는지 물어본 후 다른 밥집을 추천해준다"
            },
            {
                "type":"F",
                "answer": "나 때문에 맛있는 걸 못 먹었다고 생각하여 속상해한다."
            }
        ],
        "rate" : "w-3/12"
    },
    "question4" : {
        "id": 4,
        "question": "여행에 가서 밥을 먹을 때, 나는?",
        "answers":[
            {
                "type": "P",
                "answer": "그냥 돌아다니다가 맛있어 보이는 곳에 들어가자!"
            },
            {
                "type":"J",
                "answer": "여행 전에 맛집 리스트를 쫙 뽑아둔다."
            }
        ],
        "rate" : "w-4/12"
    },
    "question5" : {
        "id": 5,
        "question": " 힘든 조별과제를 끝낸 후 나는...",
        "answers":[
            {
                "type": "E",
                "answer": "동료들과 밥을 먹으며 스트레스를 푼다"
            },
            {
                "type":"I",
                "answer": "혼자 푹 쉰다"
            }
        ],
        "rate" : "w-5/12"
    },
    "question6" : {
        "id": 6,
        "question": "내 동아리에 대해 설명할 때 나는",
        "answers":[
            {
                "type": "S",
                "answer": "우리 동아리는 말이야... 어떤 활동을 하는데... 한 달에 몇 번 정도 만나고...“ 구체적으로 설명한다."
            },
            {
                "type":"N",
                "answer": "“엄청 재밌음 가입 ㄱㄱ” 단순하게 설명한다."
            }
        ],
        "rate" : "w-6/12"
    },
    "question7" : {
        "id": 7,
        "question": "알림아리 동아리 공연을 보며 나는",
        "answers":[
            {
                "type": "T",
                "answer": "연주를 잘하신다고 생각하며 연습을 얼마나 하셨을지 생각한다."
            },
            {
                "type":"F",
                "answer": "밴드 연주와 분위기에 감동 받는다."
            }
        ],
        "rate" : "w-7/12"
    },  
    "question8" : {
        "id": 8,
        "question": "동아리 엠티를 간다고 한다! 짐을 쌀 때 나는",
        "answers":[
            {
                "type": "P",
                "answer": "생각나는 대로 물건을 챙긴다."
            },
            {
                "type":"J",
                "answer": "메모장에 가지고 갈 물건을 정리한다."
            }
        ],
        "rate" : "w-8/12"
    },
    "question9" : {
        "id": 9,
        "question": "동아리에서 자기소개 할 때 나는",
        "answers":[
            {
                "type": "E",
                "answer": "존재감을 확실히 드러내며 친해지자고 한다."
            },
            {
                "type":"I",
                "answer": "주목받고 싶지 않아 간단한 정보만 말하고 자리로 돌아간다."
            }
        ],
        "rate" : "w-9/12"
    },
    "question10" : {
        "id": 10,
        "question": "밖으로 나오니 장마 때문에 천둥과 번개가 심하게 칠 때 나는",
        "answers":[
            {
                "type": "S",
                "answer": "우산 써도 다 젖겠다고 생각한다"
            },
            {
                "type":"N",
                "answer": "천둥에 맞으면 어떡하지 생각한다"
            }
        ],
        "rate" : "w-10/12"
    },
    "question11" : {
        "id": 11,
        "question": "친구가 스트레스 받아서 하루종일 밥을 못 먹었다고 하면 나는",
        "answers":[
            {
                "type": "T",
                "answer": " 무슨 일 있냐고 물어보며 스트레스의 원인을 궁금해한다."
            },
            {
                "type":"F",
                "answer": "친구가 좋아하는 음식점을 찾아 스트레스를 풀 수 있도록 도와준다"
            }
        ],
        "rate" : "w-11/12"
    },
    "question12" : {
        "id": 12,
        "question": "시험기간이 다가왔다... 나는",
        "answers":[
            {
                "type": "P",
                "answer": "하루에 한 과목씩 한다는 마인드로 벼락치기한다"
            },
            {
                "type":"J",
                "answer": "오늘은 이 과목... 내일은 저 과목... 정확한 계획 세우기!"
            }
        ],
        "rate" : "w-full"
    }
  }
